Purchase Order No,Supplier Name,Order Date,Delivery Date,Item Name,Item Description,Quantity Ordered,Quantity Delivered,Unit Price,Total Cost,Delivery Status,Defect Rate,Category Barang,Approval Time (Hari),Procurment Lead Time (Hari)
0001/PO/CD/I/2024/CIC/AIMP,Mitra Kantor - Jakarta,26-01-2024,19-02-2024,KURSI KERJA,"Tipe Subaru 208, warna hijau",1,1,"700,000.00","700,000.00",Finish,0%,FURNITURE - DEKORASI,1,24
0001/PO/CD/I/2024/CIC/CI,TOKO GS,3/1/2024,,TALI TAMBANG,"Uk. 8mm, material : plastik, 1 roll : 200 meter",1,,"450,000.00",0,Dalam Proses,0%,RUPA - RUPA,3,
0001/PO/CD/I/2024/CIC/CIE,Toko Pasific Elektronik -  Jonggol,4/1/2024,12/1/2024,LAMPU,"Lampu LED, 19 watt",3,3,"85,000.00","255,000.00",Finish,0%,LISTRIK,4,8
0001/PO/CD/I/2024/CIC/CIE,Toko Pasific Elektronik -  Jonggol,4/1/2024,12/1/2024,LAMPU,"Lampu LED, 10 Watt",5,5,"48,000.00","240,000.00",Finish,0%,LISTRIK,4,8
0001/PO/CD/I/2024/CIC/MKES,Alvin Azizi - Tangerang,3/1/2024,26-01-2024,UMBUL UMBUL,Umbul2 BUKIT VIOLA,50,50,"42,500.00","2,125,000.00",Finish,0%,KARYA SENI - PENGHARGAAN -SIMBOL,3,23
0001/PO/CD/I/2024/CIC/MKESE,TOKO PATUNG ONLINE - TOKOPEDIA,26-01-2024,,HIASAN DINDING,"Diameter 35 cm, warna merah",25,,"40,000.00",0,Dalam Proses,0%,KARYA SENI - PENGHARGAAN -SIMBOL,2,
0001/PO/CD/I/2024/CIC/MKESE,TOKO PATUNG ONLINE - TOKOPEDIA,26-01-2024,,HIASAN DINDING,"Diameter 45 cm, warna merah",40,,"55,000.00",0,Dalam Proses,0%,KARYA SENI - PENGHARGAAN -SIMBOL,2,
0002/PO/CD/I/2024/CIC/AIMP,Ace Hardware - Cibubur,29-01-2024,21-05-2024,METERAN,"Dimensi : 2.5 cm x 7.5 meter, self locking",1,1,"76,900.00","76,900.00",Finish,0%,PERALATAN KERJA LAPANGAN,4,113
0002/PO/CD/I/2024/CIC/CI,Alvin Azizi - Tangerang,3/1/2024,29-01-2024,SPANDUK,"Polyster sablon, Uk. 1,15x8 meter, materi : rumah 2 kamar mulai 260jt",100,100,"68,000.00","6,800,000.00",Finish,0%,MEDIA INFORMASI,3,26
0002/PO/CD/I/2024/CIC/CI,Alvin Azizi - Tangerang,3/1/2024,29-01-2024,SPANDUK,"Polyster sablon, Uk. 1,15x8 meter, materi : rumah siap huni hemat 120juta",100,100,"68,000.00","6,800,000.00",Finish,0%,MEDIA INFORMASI,3,26
0002/PO/CD/I/2024/CIC/CIE,ACE HARDWARE CIBUBUR - Cibubur,9/1/2024,5/2/2024,KESET,"Material: PVC, Dimensi: 70x50 cm, Anti-slip",3,3,"89,900.00","269,700.00",Finish,0%,KEBERSIHAN,5,27
0002/PO/CD/I/2024/CIC/CIE,ACE HARDWARE CIBUBUR - Cibubur,9/1/2024,5/2/2024,KESET,"Material: PVC, Dimensi: 80x130 cm, Anti-slip",4,4,"229,900.00","919,600.00",Finish,0%,KEBERSIHAN,5,27
0002/PO/CD/I/2024/CIC/MKES,CV. Harapan Mandiri -Bogor,9/1/2024,1/2/2024,TEMPAT SAMPAH,"Warna hijau, kapasitas 60 liter, tiang tanam",63,63,"360,000.00","22,680,000.00",Finish,0%,KEBERSIHAN,1,23
0002/PO/CD/I/2024/CIC/MKESE,FUKU STORE 2022 - TOKOPEDIA,31-01-2024,7/2/2024,HIASAN DINDING,Hiasan Imlek - Hiasan Dinding dengan bandul,1,1,"108,000.00","108,000.00",Finish,0%,KARYA SENI - PENGHARGAAN -SIMBOL,1,7
0002/PO/CD/I/2024/CIC/MKESE,FUKU STORE 2022 - TOKOPEDIA,31-01-2024,7/2/2024,HIASAN DINDING,Hiasan Imlek - Hiasan Dinding tanpa bandul,1,1,"162,000.00","162,000.00",Finish,0%,KARYA SENI - PENGHARGAAN -SIMBOL,1,7
0003/PO/CD/I/2024/CIC/AIMP,INDOMARET CIC,31-01-2024,19-03-2024,PENGHARUM RUANGAN,"Glade automatic spray refill, 146gr",3,3,"36,000.00","108,000.00",Finish,0%,KEBERSIHAN,1,48
0003/PO/CD/I/2024/CIC/AIMP,INDOMARET CIC,31-01-2024,19-03-2024,SABUN PEMBERSIH,"Kemasan 770ml, aroma apel",2,2,"11,400.00","22,800.00",Finish,0%,KEBERSIHAN,1,48
0003/PO/CD/I/2024/CIC/AIMP,INDOMARET CIC,31-01-2024,19-03-2024,SABUN PEMBERSIH,"Sabun kaca, merk cling, kemasan 425ml",2,2,"8,800.00","17,600.00",Finish,0%,KEBERSIHAN,1,48
0003/PO/CD/I/2024/CIC/AIMP,INDOMARET CIC,31-01-2024,19-03-2024,SIKAT,"Sikat lantai, merk bagus, tipe W-20920",1,1,"27,900.00","27,900.00",Finish,0%,KEBERSIHAN,1,48
0003/PO/CD/I/2024/CIC/CI,PT. PLATBOARD LUTDESINDO,4/1/2024,6/3/2024,BILLBOARD,"Bahan flexi, materi ""Rumah 2 kamar fasilitas terlengkap"", uk. 10x5 meter, lokasi taman cileungsi",1,1,"1,625,000.00","1,625,000.00",Finish,0%,MEDIA INFORMASI,4,62
0003/PO/CD/I/2024/CIC/CIE,Ace Hardware - Cibubur,9/1/2024,15-02-2024,KESET,Keset Anti Slip Work Safe - 90 cm x 90 cm - Warna Terracota,36,36,"309,900.00","11,156,400.00",Finish,0%,KEBERSIHAN,4,37
0003/PO/CD/I/2024/CIC/MKES,FEBI DAMAYANTHI -  JAKARTA,9/1/2024,,SEPATU LAPANGAN,"Warna coklat, tipe: KWD 205CX, Uk 41",1,,"470,000.00",0,Dalam Proses,0%,FASHION,1,
0003/PO/CD/II/2024/CIC/MKESE,APOTERK OKE PLUS,6/2/2024,10/5/2024,OBAT - OBATAN LAINNYA,Hansaplast isi 100 lembar,1,1,"50,000.00","50,000.00",Finish,0%,KESEHATAN,4,94
0003/PO/CD/II/2024/CIC/MKESE,APOTERK OKE PLUS,6/2/2024,10/5/2024,OBAT - OBATAN LAINNYA,Panadol - Hijau - 1 blister (10 kaplet),1,1,"17,000.00","17,000.00",Finish,0%,KESEHATAN,4,94
0003/PO/CD/II/2024/CIC/MKESE,APOTERK OKE PLUS,6/2/2024,10/5/2024,OBAT - OBATAN LAINNYA,Micropore kecil,2,2,"12,000.00","24,000.00",Finish,0%,KESEHATAN,4,94
0003/PO/CD/II/2024/CIC/MKESE,APOTERK OKE PLUS,6/2/2024,10/5/2024,OBAT - OBATAN LAINNYA,Kasa hidrophile - Binda,2,2,"5,000.00","10,000.00",Finish,0%,KESEHATAN,4,94
0003/PO/CD/II/2024/CIC/MKESE,APOTERK OKE PLUS,6/2/2024,10/5/2024,OBAT - OBATAN LAINNYA,Kapas satuan (Bulat2 kecil),2,2,"5,500.00","11,000.00",Finish,0%,KESEHATAN,4,94
0003/PO/CD/II/2024/CIC/MKESE,APOTERK OKE PLUS,6/2/2024,10/5/2024,OBAT GOSOK / OLES,Minyak kayu putih 120 ml,2,2,"44,000.00","88,000.00",Finish,0%,KESEHATAN,4,94
0003/PO/CD/II/2024/CIC/MKESE,APOTERK OKE PLUS,6/2/2024,10/5/2024,OBAT GOSOK / OLES,Bioplacenton gel 15 g,2,2,"35,000.00","70,000.00",Finish,0%,KESEHATAN,4,94
0003/PO/CD/II/2024/CIC/MKESE,APOTERK OKE PLUS,6/2/2024,10/5/2024,OBAT GOSOK / OLES,Thrombophob gel 20 g,2,2,"54,000.00","108,000.00",Finish,0%,KESEHATAN,4,94
0003/PO/CD/II/2024/CIC/MKESE,APOTERK OKE PLUS,6/2/2024,10/5/2024,OBAT GOSOK / OLES,Minyak telon,2,2,"12,000.00","24,000.00",Finish,0%,KESEHATAN,4,94
0003/PO/CD/II/2024/CIC/MKESE,APOTERK OKE PLUS,6/2/2024,10/5/2024,OBAT MERAH,Betadine 30 ml,5,5,"30,000.00","150,000.00",Finish,0%,KESEHATAN,4,94
0003/PO/CD/II/2024/CIC/MKESE,APOTERK OKE PLUS,6/2/2024,10/5/2024,OBAT SAKIT KEPALA,Panadol - Biru - 1 blister (10 kaplet),1,1,"12,500.00","12,500.00",Finish,0%,KESEHATAN,4,94
0003/PO/CD/II/2024/CIC/MKESE,APOTERK OKE PLUS,6/2/2024,10/5/2024,OBAT SAKIT KEPALA,Panadol - Merah - 1 blister (10 kaplet),1,1,"15,000.00","15,000.00",Finish,0%,KESEHATAN,4,94
0004/PO/CD/I/2024/CIC/CI,Alvin Azizi - Tangerang,4/1/2024,29-01-2024,SPANDUK,"Polyster sablon, Uk. 1,15x8 meter, materi : ""Meranti""",30,30,"68,000.00","2,040,000.00",Finish,0%,MEDIA INFORMASI,4,25
0004/PO/CD/I/2024/CIC/CIE,DUNIA PERAHU - JAKARTA,11/1/2024,31-01-2024,LEM,Lem PVC GLUE,2,2,"500,000.00","1,000,000.00",Finish,0%,MATERIAL KONSTRUKSI,0,20
0004/PO/CD/I/2024/CIC/MKES,Mitra Kantor - Jakarta,26-01-2024,19-02-2024,KURSI KERJA,"Tipe Subaru 208, warna hijau",1,1,"700,000.00","700,000.00",Finish,0%,FURNITURE - DEKORASI,1,24
0004/PO/CD/II/2024/CIC/MKESE,PT. Kencana Sukses Mandiri - Jakarta,29-02-2024,12/3/2024,POWER SUPPLY,"DC.12 V 50A, 600 watt, GR9",2,2,"830,000.00","1,660,000.00",Finish,0%,LISTRIK,2,12
0005/PO/CD/I/2024/CIC/CI,PT. PLATBOARD LUTDESINDO,4/1/2024,6/3/2024,BILLBOARD,"Bahan flexi, materi: liburan natal & tahun baru, uk. 9x7 meter, lokasi: pom bensin CIC",1,1,"1,917,500.00","1,917,500.00",Finish,0%,MEDIA INFORMASI,4,62
0005/PO/CD/I/2024/CIC/MKES,Ace Hardware - Cibubur,29-01-2024,28-02-2024,TEMPAT SAMPAH,"Kapasitas 120 Liter, Material :plastik, Dilengkapi roda & tutup",32,32,"479,900.00","15,356,800.00",Finish,0%,KEBERSIHAN,4,30
0005/PO/CD/III/2024/CIC/MKESE,GLOBAL JO STORE - TOKOPEDIA (DEPOK),19-03-2024,,PALU,"Material : Carbon Steel Zinc Coated, PP Handled red, Chain Stee 30 cm, Hammer 18 cm",6,,"120,000.00",0,Dalam Proses,0%,PERALATAN KERJA LAPANGAN,1,
0006/PO/CD/I/2024/CIC/CI,Alvin Azizi - Tangerang,4/1/2024,29-01-2024,SPANDUK,"Bahan polyester, sablon, Uk. 1,15x8 meter, materi: ""rumah dengan fasilitas terlengkap""",100,100,"68,000.00","6,800,000.00",Finish,0%,MEDIA INFORMASI,4,25
0006/PO/CD/I/2024/CIC/CIE,ALFAUZICOLLECTION - TOKOPEDIA,11/1/2024,,MUKENA,"Mukena jumbo, bahan zara super premium, atasan dan bawahan, Panjang depan/belakang atasan 127cm/ 141cm, Panjang rok/lingkar 122cm/ 73cm",3,,"248,850.00",0,Dalam Proses,0%,FASHION,1,
0006/PO/CD/II/2024/CIC/AIMP,Big Thumb - Jakarta,24-02-2024,,BROSUR,"Cover - dimensi tertutup 30,5x23cm, AC 230gsm, laminating doft 1/0, die cut, 4 hal. Content - dimensi tertutup 30,5x23xm, art paper 150gsm, 16 hal.",2000,,"9,500.00",0,Dalam Proses,0%,MEDIA INFORMASI,2,
0006/PO/CD/II/2024/CIC/MKES,Toko Pasific Elektronik -  Jonggol,6/2/2024,1/3/2024,AC SPLIT WALL,"AC 1/2PK, Tipe KR5AHQ",1,1,"2,300,000.00","2,300,000.00",Finish,0%,PENGOLAH UDARA - PENDINGIN,5,24
0006/PO/CD/III/2024/CIC/MKESE,TOKO GS,20-03-2024,,KRAN / KERAN AIR,"Kran Wastafel, 1/2 inch",3,,"160,000.00",0,Dalam Proses,0%,SANITAIR DAN KAMAR MANDI,1,
0007/PO/CD/I/2024/CIC/CI,CV. Harapan Mandiri -Bogor,11/1/2024,15-02-2024,TEMPAT SAMPAH,"Warna hijau, tiang tanam, kapasitas 40liter",11,11,"340,000.00","3,740,000.00",Finish,0%,KEBERSIHAN,0,35
0007/PO/CD/I/2024/CIC/CIE,BAKTI PERCETAKAN - JAKARTA,11/1/2024,22-01-2024,STIKER NAMA PROYEK,"Sticker WaterPark, ukuran 17x9cm, warna colourfull",10000,10000,"2,000.00","20,000,000.00",Finish,0%,RUPA - RUPA,1,11
0007/PO/CD/II/2024/CIC/AIMP,CV. Sanjaya - Bekasi,24-02-2024,12/3/2024,BROSUR,"Pricelist Permai, Cetak hitam putih, 1 muka, materi : kertas A4",2500,2500,200,"500,000.00",Finish,0%,MEDIA INFORMASI,2,17
0007/PO/CD/II/2024/CIC/MKES,Toko Pasific Elektronik -  Jonggol,15-02-2024,,AC SPLIT WALL,"AC 1/2PK, Tipe KR5AHQ",1,,"2,300,000.00",0,Dalam Proses,0%,PENGOLAH UDARA - PENDINGIN,3,
0007/PO/CD/II/2024/CIC/MKES,Toko Pasific Elektronik -  Jonggol,15-02-2024,,AC SPLIT WALL,"AC 1/2PK, Tipe KR5AHQ",1,,"2,300,000.00",0,Dalam Proses,0%,PENGOLAH UDARA - PENDINGIN,3,
0007/PO/CD/II/2024/CIC/MKES,Toko Pasific Elektronik -  Jonggol,15-02-2024,,AC SPLIT WALL,"AC 1/2PK, Tipe KR5AHQ",1,,"2,300,000.00",0,Dalam Proses,0%,PENGOLAH UDARA - PENDINGIN,3,
0007/PO/CD/III/2024/CIC/MKESE,Toko Pasific Elektronik -  Jonggol,20-03-2024,22-03-2024,LAMPU,"Lampu TL LED 16 Watt, warna putih",10,10,"97,500.00","975,000.00",Finish,0%,LISTRIK,1,2
0008/PO/CD/I/2024/CIC/CI,JOYKO OFFICIAL - TOKOPEDIA,11/1/2024,25-04-2024,PENA - BALLPOIN STANDARD,"Joyko GP-265, warna merah",12,12,"2,750.00","33,000.00",Finish,0%,ALAT TULIS KANTOR,1,105
0008/PO/CD/I/2024/CIC/CI,JOYKO OFFICIAL - TOKOPEDIA,11/1/2024,25-04-2024,PENA - BALLPOIN STANDARD,"Joyko GP-265, warna hitam",36,36,"2,750.00","99,000.00",Finish,0%,ALAT TULIS KANTOR,1,105
0008/PO/CD/I/2024/CIC/CIE,BAKTI PERCETAKAN - JAKARTA,11/1/2024,22-01-2024,FLYER,"Materi waterpark, ukuran A5, warna : Colourfull",10,10,"338,000.00","3,380,000.00",Finish,0%,MEDIA INFORMASI,1,11
0008/PO/CD/II/2024/CIC/AIMP,Alvin Azizi - Tangerang,26-02-2024,6/3/2024,SPANDUK,"Bahan polyster, sablon, Uk. 1,15x8 meter, materi : smart home",100,100,"68,000.00","6,800,000.00",Finish,0%,MEDIA INFORMASI,4,9
0008/PO/CD/III/2024/CIC/MKESE,TOKO GS,20-03-2024,29-04-2024,LEM SEALANT,Sealant warna putih,5,5,"45,000.00","225,000.00",Finish,0%,MATERIAL KONSTRUKSI,1,40
0009/PO/CD/I/2024/CIC/CI,TOKO NATASHA - BOGOR,11/1/2024,14-03-2024,MINUMAN,"Teh Kotak, 200ml, kemasan karton isi 24 pcs",10,10,"78,000.00","780,000.00",Finish,0%,MAKANAN DAN MINUMAN,1,63
0009/PO/CD/I/2024/CIC/CIE,MICHAEL MURRY - JAKARTA,11/1/2024,20-03-2024,MEJA PLASTIK,"Garden table GT-1, warna putih, bahan plastik",7,7,"575,000.00","4,025,000.00",Finish,0%,FURNITURE - DEKORASI,1,69
0009/PO/CD/II/2024/CIC/AIMP,PT. MITRA PERSADA SARANA TEKNOLOGI - JAKARTA,29-02-2024,20-03-2024,LAPTOP/ NOTEBOOK,"Intel Core i5-1135G7 up 4,2ghz, 8GB DDR 4, OS Windows 11 Prof 64bit, 14"" FHD, Anti Glare LED",1,1,"12,072,072.00","12,072,072.00",Finish,0%,KOMPUTER,6,20
0009/PO/CD/II/2024/CIC/MKES,Toko Pasific Elektronik -  Jonggol,24-02-2024,7/3/2024,AC SPLIT WALL,"AC 1/2PK, Tipe KR5AHQ",1,1,"2,300,000.00","2,300,000.00",Finish,0%,PENGOLAH UDARA - PENDINGIN,5,12
0009/PO/CD/III/2024/CIC/MKESE,SAHABAT USAHA TEKNIK - BOGOR,22-03-2024,24-04-2024,LAMPU,Lampu Bohlam LED 10 Watt Merk Philips,20,20,"45,000.00","900,000.00",Finish,0%,LISTRIK,3,33
0010/PO/CD/I/2024/CIC/CI,PT. PLATBOARD LUTDESINDO,23-01-2024,28-02-2024,SPANDUK,"Bahan flexi, ukuran 2x3 meter, materi: panah kiri, lokasi: cileungsi & cibarusah",2,2,"385,000.00","770,000.00",Finish,0%,MEDIA INFORMASI,6,36
0010/PO/CD/I/2024/CIC/CI,PT. PLATBOARD LUTDESINDO,23-01-2024,28-02-2024,SPANDUK,"Bahan flexi, ukuran 2x3 meter, materi: panah kanan, lokasi: cileungsi & cibarusah",3,3,"385,000.00","1,155,000.00",Finish,0%,MEDIA INFORMASI,6,36
0010/PO/CD/I/2024/CIC/CI,PT. PLATBOARD LUTDESINDO,23-01-2024,28-02-2024,SPANDUK,"Bahan flexi, ukuran 2x3 meter, materi: panah atas, lokasi: cileungsi & cibarusah",19,19,"385,000.00","7,315,000.00",Finish,0%,MEDIA INFORMASI,6,36
0010/PO/CD/I/2024/CIC/CIE,DUNIA PERAHU - JAKARTA,11/1/2024,31-01-2024,HARDENER,Hardener ER 42 30 gr,3,3,"100,000.00","300,000.00",Finish,0%,CHEMICAL,2,20
0010/PO/CD/II/2024/CIC/MKES,Alvin Azizi - Tangerang,24-02-2024,12/3/2024,UMBUL UMBUL,"Bahan polyester, ukuran 5x 1,15 meter, materi : Ruko Sakura",50,50,"42,500.00","2,125,000.00",Finish,0%,KARYA SENI - PENGHARGAAN -SIMBOL,4,17
0010/PO/CD/IV/2024/CIC/MKESE,KAMIKO FURNITURE - TOKOPEDIA (Jakarta),23-04-2024,,RODA,Kaki kursi kantor PP ukuran 340mm plus roda tancap nylon. Diameter lubang tengah 5cm,2,,"139,000.00",0,Dalam Proses,0%,PERALATAN KERJA LAPANGAN,4,
0011/PO/CD/I/2024/CIC/CI,Toko Pasific Elektronik -  Jonggol,23-01-2024,15-02-2024,AC SPLIT WALL,"AC 1/2PK, Tipe KCR5AHQ",3,3,"2,300,000.00","6,900,000.00",Finish,0%,PENGOLAH UDARA - PENDINGIN,6,23
0011/PO/CD/I/2024/CIC/CIE,AXIO STORE ID - TOKOPEDIA,11/1/2024,,JAS HUJAN,"Stel baju & celana, ukuran L, bahan taslan, 2 lapisan",1,,"275,000.00",0,Dalam Proses,0%,FASHION,1,
0011/PO/CD/II/2024/CIC/AIMP,Toko Pasific Elektronik -  Jonggol,29-02-2024,6/3/2024,AC SPLIT WALL,"Tipe KR05AHQ, 1/2 PK",1,1,"2,300,000.00","2,300,000.00",Finish,0%,PENGOLAH UDARA - PENDINGIN,18,6
0011/PO/CD/II/2024/CIC/AIMP,Toko Pasific Elektronik -  Jonggol,29-02-2024,6/3/2024,AC SPLIT WALL,"Tipe KR05AHQ, 1/2 PK",1,1,"2,300,000.00","2,300,000.00",Finish,0%,PENGOLAH UDARA - PENDINGIN,18,6
0012/PO/CD/I/2024/CIC/CI,Desti Advertising - Bekasi,23-01-2024,12/3/2024,STIKER NAMA KARYAWAN,"Lembaran A3, sticker digital printing fronlight, non laminating, a.n Indah",5,5,"27,000.00","135,000.00",Finish,0%,RUPA - RUPA,6,49
0012/PO/CD/I/2024/CIC/CI,Desti Advertising - Bekasi,23-01-2024,12/3/2024,STIKER NAMA KARYAWAN,"Lembaran A3, sticker digital printing fronlight, non laminating, a.n Afdhal",5,5,"27,000.00","135,000.00",Finish,0%,RUPA - RUPA,6,49
0012/PO/CD/I/2024/CIC/CI,Desti Advertising - Bekasi,23-01-2024,12/3/2024,STIKER NAMA KARYAWAN,"Lembaran A3, sticker digital printing fronlight, non laminating, a.n Revia",5,5,"27,000.00","135,000.00",Finish,0%,RUPA - RUPA,6,49
0012/PO/CD/I/2024/CIC/CI,Desti Advertising - Bekasi,23-01-2024,12/3/2024,STIKER NAMA KARYAWAN,"Lembaran A3, sticker digital printing fronlight, non laminating, a.n Alvin",5,5,"27,000.00","135,000.00",Finish,0%,RUPA - RUPA,6,49
0012/PO/CD/I/2024/CIC/CIE,CV. Andora Ropitama - Jakarta,23-01-2024,,CHIP LED,"Warna Putih, 30 Watt",50,,"55,500.00",0,Dalam Proses,0%,LISTRIK,7,
0012/PO/CD/I/2024/CIC/CIE,CV. Andora Ropitama - Jakarta,23-01-2024,,DRIVER LAMPU LED,"Warna Putih, 30 Watt, 900 MA",50,,"61,050.00",0,Dalam Proses,0%,LISTRIK,7,
0012/PO/CD/II/2024/CIC/MKES,CV. Sanjaya - Bekasi,24-02-2024,29-02-2024,BROSUR,"Materi: Bukit Viola, art cartoon 260gr, laminasi doft, lipat 3",2000,2000,"5,000.00","10,000,000.00",Finish,0%,MEDIA INFORMASI,3,5
0012/PO/CD/III/2024/CIC/AIMP,TOKO JASA TANI JONGGOL - BOGOR,5/3/2024,18-04-2024,PUPUK,Kemasan 1 kg,10,10,"24,000.00","240,000.00",Finish,0%,PERTAMANAN,7,44
0013/PO/CD/I/2024/CIC/CI,DASW - Bekasi,26-01-2024,13-02-2024,ORDNER - ODNER,"Tipe 717, warna hitam",5,5,"355,000.00","1,775,000.00",Finish,0%,ALAT TULIS KANTOR,1,18
0013/PO/CD/I/2024/CIC/CIE,PT. PLATBOARD LUTDESINDO,23-01-2024,28-02-2024,SPANDUK,"Materi waterpark, bahan flexi, ukuran 2,4 x 3.63 meter, posisi sebrang SPBU CIC",1,1,"446,020.00","446,020.00",Finish,0%,MEDIA INFORMASI,11,36
0013/PO/CD/II/2024/CIC/MKES,Alvin Azizi - Tangerang,24-02-2024,6/3/2024,SPANDUK,"Bahan polyster, sablon, Uk. 1,15x8 meter, materi : Citra Indah avenue tahap 2",100,100,"68,000.00","6,800,000.00",Finish,0%,MEDIA INFORMASI,2,11
0013/PO/CD/III/2024/CIC/AIMP,Ace Hardware - Cibubur,19-03-2024,5/4/2024,TEMPAT SAMPAH,"Kapasitas 120 liter, warna biru, material: plastik, 2 roda",63,63,"479,900.00","30,233,700.00",Finish,0%,KEBERSIHAN,1,17
0014/PO/CD/I/2024/CIC/CI,DASW - Bekasi,26-01-2024,13-02-2024,KERTAS A4,"Kertas A4 75GR, warna putih, BMO",100,100,"49,000.00","4,900,000.00",Finish,0%,ALAT TULIS KANTOR,1,18
0014/PO/CD/I/2024/CIC/CIE,PT. PLATBOARD LUTDESINDO,26-01-2024,,SPANDUK,"Bahan flexi, ukuran 8x6 meter, materi harga Waterpark",1,,"1,580,000.00",0,Dalam Proses,0%,MEDIA INFORMASI,1,
0014/PO/CD/II/2024/CIC/MKES,CV. Sanjaya - Bekasi,24-02-2024,12/3/2024,BROSUR,"Pricelist Viola, Cetak hitam putih, 2 muka, materi : kertas A4, per : 30 Okt 2023",2500,2500,250,"625,000.00",Finish,0%,MEDIA INFORMASI,2,17
0014/PO/CD/III/2024/CIC/AIMP,PT. PLATBOARD LUTDESINDO,22-03-2024,6/5/2024,BILLBOARD,"Uk 9 x 7 meter, lokasi dpn pom bensin, materi : permai ramadhan",1,1,"1,917,500.00","1,917,500.00",Finish,0%,MEDIA INFORMASI,2,45
0015/PO/CD/I/2024/CIC/CI,Alvin Azizi - Tangerang,29-01-2024,19-02-2024,SPANDUK,"Polyster sablon, Uk. 1,15x8 meter, materi : rumah siap huni hemat 120juta",100,100,"68,000.00","6,800,000.00",Finish,0%,MEDIA INFORMASI,4,21
0015/PO/CD/I/2024/CIC/CIE,PT. PLATBOARD LUTDESINDO,26-01-2024,,SPANDUK,"Bahan flexi, materi: harga Waterpark, ukuran 249x130 cm, posisi sebelum SPBU & perempatan jalan B. Bunga",2,,"300,437.00",0,Dalam Proses,0%,MEDIA INFORMASI,1,
0015/PO/CD/II/2024/CIC/MKES,PT. PLATBOARD LUTDESINDO,26-02-2024,6/3/2024,BILLBOARD,"Bahan flexi , ukuran 5x10 meter, materi : Hemat hingga 120jutaan. posisi : taman Cileungsi",1,1,"1,625,000.00","1,625,000.00",Finish,0%,MEDIA INFORMASI,4,9
0015/PO/CD/III/2024/CIC/AIMP,PT. MITRA PERSADA SARANA TEKNOLOGI - JAKARTA,22-03-2024,4/4/2024,SOFTWARE MICROSOFT WINDOWS,MICROSOFT OFFICE HOME & BUSSINESS 2021,1,1,"3,900,000.00","3,900,000.00",Finish,0%,KOMPUTER,0,13
0016/PO/CD/I/2024/CIC/CI,GUDANG LEPTOP - TOKOPEDIA,29-01-2024,,CASING KOMPUTER,Casing LCD Bagian Belakang Warna Hitam Notebook Lenovo V310-14iKB,1,,"370,000.00",0,Dalam Proses,0%,KOMPUTER,4,
0016/PO/CD/II/2024/CIC/MKES,PT. PLATBOARD LUTDESINDO,29-02-2024,6/3/2024,BILLBOARD,"Bahan flexi , ukuran 10x7 meter, materi : citraindah avenue tahap 2. posisi bundaran FM",1,1,"2,075,000.00","2,075,000.00",Finish,0%,MEDIA INFORMASI,18,6
0016/PO/CD/II/2024/CIC/MKES,PT. PLATBOARD LUTDESINDO,29-02-2024,6/3/2024,BILLBOARD,"Bahan flexi , ukuran 17,5x2,5 meter, materi : citra indah avenue tahap 2. posisi underpass hadap selatan, (1 sisi)",1,1,"1,484,375.00","1,484,375.00",Finish,0%,MEDIA INFORMASI,18,6
0016/PO/CD/III/2024/CIC/AIMP,Toko Pasific Elektronik -  Jonggol,26-03-2024,23-04-2024,AC SPLIT WALL,1 AC 1/2 Pk,1,1,"2,300,000.00","2,300,000.00",Finish,0%,PENGOLAH UDARA - PENDINGIN,0,28
0017/PO/CD/I/2024/CIC/CI,ASWANGGA LAPTOP - TOKOPEDIA,29-01-2024,,CASING KOMPUTER,Casing Frame LCD Bagian Depan Warna Hitam Notebook Lenovo V310-14iKB,1,,"275,000.00",0,Dalam Proses,0%,KOMPUTER,4,
0017/PO/CD/I/2024/CIC/CIE,DUNIA PERAHU - JAKARTA,29-01-2024,7/3/2024,VALVE,Tutup pentil ban racer slide,12,12,"80,000.00","960,000.00",Finish,0%,MECHANICAL,4,38
0017/PO/CD/III/2024/CIC/AIMP,Toko Pasific Elektronik -  Jonggol,29-03-2024,23-04-2024,AC SPLIT WALL,AC 1/2 PK 1 UNIT BLOK O.16/03,1,1,"2,300,000.00","2,300,000.00",Finish,0%,PENGOLAH UDARA - PENDINGIN,3,25
0017/PO/CD/III/2024/CIC/AIMP,Toko Pasific Elektronik -  Jonggol,29-03-2024,23-04-2024,AC SPLIT WALL,AC 1/2 PK 1 UNIT BLOK O.16/03,1,1,"2,300,000.00","2,300,000.00",Finish,0%,PENGOLAH UDARA - PENDINGIN,3,25
0018/PO/CD/I/2024/CIC/CI,ZAROT199 - TOKOPEDIA,29-01-2024,,CASING KOMPUTER,Casing Keyboard Bagian Atas Warna Hitam Notebook Lenovo V310-14iKB,1,,"501,000.00",0,Dalam Proses,0%,KOMPUTER,4,
0018/PO/CD/I/2024/CIC/CIE,Toko Pasific Elektronik -  Jonggol,31-01-2024,15-02-2024,DYNABOLT,Dinabolt ukuran 10 x 50 mm,8,8,"4,500.00","36,000.00",Finish,0%,MATERIAL KONSTRUKSI,1,15
0018/PO/CD/I/2024/CIC/CIE,Toko Pasific Elektronik -  Jonggol,31-01-2024,15-02-2024,KABEL NYYHY,"Kabel Serabut NYYHY ukuran 2 X 0.75 mm, panjang 50meter/ roll",2,2,"325,000.00","650,000.00",Finish,0%,LISTRIK,1,15
0018/PO/CD/I/2024/CIC/CIE,Toko Pasific Elektronik -  Jonggol,31-01-2024,15-02-2024,PANEL BOX,Dorados Duradus Kotak / Junction Box Delta 5/8 Putih Dx -121,4,4,"7,500.00","30,000.00",Finish,0%,AUDIO DAN VISUAL,1,15
0018/PO/CD/I/2024/CIC/CIE,Toko Pasific Elektronik -  Jonggol,31-01-2024,15-02-2024,PIPA CONDUIT,"Pipa conduit pvc, ukuran 20 mm, panjang 3 m",35,35,"15,000.00","525,000.00",Finish,0%,MATERIAL KONSTRUKSI,1,15
0018/PO/CD/III/2024/CIC/MKES,Toko Pasific Elektronik -  Jonggol,5/3/2024,13-03-2024,AC SPLIT WALL,"AC 1/2PK, Tipe KR5AHQ",1,1,"2,300,000.00","2,300,000.00",Finish,0%,PENGOLAH UDARA - PENDINGIN,0,8
0018/PO/CD/IV/2024/CIC/AIMP,PT. PLATBOARD LUTDESINDO,2/4/2024,29-04-2024,BANNER,"Bahan flexi, materi Permai, ukuran 269 x 90 cm",3,3,"54,473.00","163,419.00",Finish,0%,MEDIA INFORMASI,1,27
0019/PO/CD/I/2024/CIC/CIE,BAKTI PERCETAKAN - JAKARTA,31-01-2024,19-02-2024,FLYER,"Materi waterpark, ukuran A5, warna : Colourfull",25,25,"338,000.00","8,450,000.00",Finish,0%,MEDIA INFORMASI,2,19
0019/PO/CD/II/2024/CIC/CI,PT. PLATBOARD LUTDESINDO,6/2/2024,6/3/2024,BANNER,"Bahan flexi, ukuran 75 x 2,1 meter",1,1,"3,543,750.00","3,543,750.00",Finish,0%,MEDIA INFORMASI,4,29
0019/PO/CD/II/2024/CIC/CI,PT. PLATBOARD LUTDESINDO,6/2/2024,6/3/2024,BANNER,"Bahan flexi, ukuran 25,1 x 2,1 meter",1,1,"1,185,975.00","1,185,975.00",Finish,0%,MEDIA INFORMASI,4,29
0019/PO/CD/II/2024/CIC/CI,PT. PLATBOARD LUTDESINDO,6/2/2024,6/3/2024,BANNER,"Bahan flexi, ukuran 69,5 x 2,1 meter",1,1,"3,283,875.00","3,283,875.00",Finish,0%,MEDIA INFORMASI,4,29
0019/PO/CD/II/2024/CIC/CI,PT. PLATBOARD LUTDESINDO,6/2/2024,6/3/2024,BANNER,"Bahan flexi, ukuran 150 x 2,1 meter",1,1,"7,087,500.00","7,087,500.00",Finish,0%,MEDIA INFORMASI,4,29
0019/PO/CD/III/2024/CIC/MKES,Immanuel Offset Printing - Jakarta,8/3/2024,18-04-2024,AMPLOP PUTIH,"Amplop jendela, ada cetakan logo & alamat PT. MKES",50,50,"77,500.00","3,875,000.00",Finish,0%,ALAT TULIS KANTOR,1,41
0019/PO/CD/IV/2024/CIC/AIMP,Ace Hardware - Cibubur,3/4/2024,4/4/2024,ALAT PENGHARUM RUANGAN,"Room freshener, otomatis, dilengkapi LED, Kkapasitas: 260 ml, tenaga baterai,",3,3,"249,900.00","749,700.00",Finish,0%,KEBERSIHAN,43,1
0020/PO/CD/II/2024/CIC/CI,PT. MITRA PERSADA SARANA TEKNOLOGI - JAKARTA,6/2/2024,26-02-2024,SOFTWARE AUTODESK,Renewal License Autocad LT Comercial No Contract : 110003462284,1,1,"7,425,000.00","7,425,000.00",Finish,0%,KOMPUTER,5,20
0020/PO/CD/II/2024/CIC/CI,PT. MITRA PERSADA SARANA TEKNOLOGI - JAKARTA,6/2/2024,26-02-2024,SOFTWARE AUTODESK,Renewal Autocad LT Comercial No Contract : 110003439931,3,3,"7,425,000.00","22,275,000.00",Finish,0%,KOMPUTER,5,20
0020/PO/CD/III/2024/CIC/MKES,TOKO JASA TANI JONGGOL - BOGOR,15-03-2024,24-04-2024,PUPUK,Pupuk NPK mutiara grower 15-09-20+TE,10,10,"24,000.00","240,000.00",Finish,0%,PERTAMANAN,1,40
0021/PO/CD/II/2024/CIC/CI,CENTRAL PLOTTER INDONESIA - JAKARTA,6/2/2024,24-04-2024,PRINTER PLOTTER,Spare part Plotter HP Designjet T730 - Cutter with Clucth,1,1,"2,500,000.00","2,500,000.00",Finish,0%,KOMPUTER,5,78
0021/PO/CD/II/2024/CIC/CI,CENTRAL PLOTTER INDONESIA - JAKARTA,6/2/2024,24-04-2024,PRINTER PLOTTER,Spare part Plotter HP Designjet T730 - Candela Service Station Assy,1,1,"4,000,000.00","4,000,000.00",Finish,0%,KOMPUTER,5,78
0021/PO/CD/II/2024/CIC/CIE,Toko Pasific Elektronik -  Jonggol,6/2/2024,1/3/2024,KABEL NYY,"Kabel NYY 2 X 0,75 ( 50M )",1,1,"325,000.00","325,000.00",Finish,0%,LISTRIK,4,24
0021/PO/CD/III/2024/CIC/MKES,Toko Buku Gunung Intan - Jonggol,22-03-2024,26-03-2024,KERTAS A 0,Kertas Roll A0,3,3,"250,000.00","750,000.00",Finish,0%,ALAT TULIS KANTOR,2,4
0021/PO/CD/V/2024/CIC/AIMP,Toko Pasific Elektronik -  Jonggol,2/5/2024,,AC SPLIT WALL,"AC 1/2PK, Tipe KCR5ANQ",1,,"2,300,000.00",0,Dalam Proses,0%,PENGOLAH UDARA - PENDINGIN,2,
0022/PO/CD/II/2024/CIC/CI,Toko Pasific Elektronik -  Jonggol,9/2/2024,19-02-2024,PELINDUNG KABEL,Spiral Wrapping Band KS-12  10m/roll,5,5,"20,000.00","100,000.00",Finish,0%,MATERIAL KONSTRUKSI,3,10
0022/PO/CD/II/2024/CIC/CIE,SIGMATECH - JAKARTA BARAT,9/2/2024,26-02-2024,LAMPU,"100 watt, IP 65, 6500K, Solar Panel",4,4,"390,750.00","1,563,000.00",Finish,0%,LISTRIK,2,17
0022/PO/CD/III/2024/CIC/MKES,Toko Pasific Elektronik -  Jonggol,22-03-2024,26-03-2024,HANDPHONE (HP),Hp Infinix Hot 30  Ram 8GB Internal 256GB,3,3,"1,800,000.00","5,400,000.00",Finish,0%,KOMUNIKASI,2,4
0022/PO/CD/V/2024/CIC/AIMP,Toko Pasific Elektronik -  Jonggol,2/5/2024,,AC SPLIT WALL,"AC 1/2PK, Tipe KCR5ANQ",1,,"2,300,000.00",0,Dalam Proses,0%,PENGOLAH UDARA - PENDINGIN,2,
0023/PO/CD/II/2024/CIC/CI,PT. PLATBOARD LUTDESINDO,15-02-2024,6/3/2024,BILLBOARD,"Bahan flexi , ukuran 10x7 meter, materi : rumah siap huni. posisi bundaran MO",1,1,"2,075,000.00","2,075,000.00",Finish,0%,MEDIA INFORMASI,5,20
0023/PO/CD/II/2024/CIC/CI,PT. PLATBOARD LUTDESINDO,15-02-2024,6/3/2024,BILLBOARD,"Bahan flexi , ukuran 17,5x2,5 meter, materi : rumah siap huni. posisi underpass",1,1,"1,484,375.00","1,484,375.00",Finish,0%,MEDIA INFORMASI,5,20
0023/PO/CD/II/2024/CIC/CI,PT. PLATBOARD LUTDESINDO,15-02-2024,6/3/2024,BILLBOARD,"Bahan flexi , ukuran 9x7 meter, materi : imlek. posisi SPBU",1,1,"1,917,500.00","1,917,500.00",Finish,0%,MEDIA INFORMASI,5,20
0023/PO/CD/II/2024/CIC/CIE,PT. Kencana Sukses Mandiri - Jakarta,9/2/2024,12/3/2024,DRIVER LAMPU LED,"DRIVER LED 30 WATT, 900 MA",50,50,"75,000.00","3,750,000.00",Finish,0%,LISTRIK,2,32
0023/PO/CD/III/2024/CIC/MKES,Toko Pasific Elektronik -  Jonggol,26-03-2024,23-04-2024,AC SPLIT WALL,"AC 1/2PK, Tipe KR5AHQ",1,1,"2,300,000.00","2,300,000.00",Finish,0%,PENGOLAH UDARA - PENDINGIN,0,28
0023/PO/CD/V/2024/CIC/AIMP,PT. PLATBOARD LUTDESINDO,7/5/2024,,BANNER,"Bahan flexi, ukuran 1,86x2,15 meter, banner penutup rumah kosong permai",1,,"89,978.00",0,Dalam Proses,0%,MEDIA INFORMASI,0,
0023/PO/CD/V/2024/CIC/AIMP,PT. PLATBOARD LUTDESINDO,7/5/2024,,BANNER,"Bahan flexi, ukuran 6,5x2,15 meter, banner penutup rumah kosong permai",1,,"314,438.00",0,Dalam Proses,0%,MEDIA INFORMASI,0,
0023/PO/CD/V/2024/CIC/AIMP,PT. PLATBOARD LUTDESINDO,7/5/2024,,BANNER,"Bahan flexi, ukuran 0,94x1,91 meter, banner penutup rumah kosong permai",1,,"40,397.00",0,Dalam Proses,0%,MEDIA INFORMASI,0,
0024/PO/CD/II/2024/CIC/CI,GROSIR STIKER89 - TOKOPEDIA (JAKARTA UTARA),19-02-2024,,STIKER INFORMASI,"Bahan vynil, materi :  jangan membuang tisu ke toilet, ukuran 23x 7.5 cm",15,,"8,700.00",0,Dalam Proses,0%,RUPA - RUPA,3,
0024/PO/CD/II/2024/CIC/CIE,BAKTI PERCETAKAN - JAKARTA,9/2/2024,1/3/2024,KOTAK / BOX SOUVENIR,"Mug 5 warna (merah,biru, ungu,hijau, orange), bahan stainless & plastik",500,500,"40,000.00","20,000,000.00",Finish,0%,RUPA - RUPA,4,21
0024/PO/CD/III/2024/CIC/MKES,Toko Pasific Elektronik -  Jonggol,29-03-2024,23-04-2024,AC SPLIT WALL,"AC 1/2PK, Tipe KR5AHQ",1,1,"2,300,000.00","2,300,000.00",Finish,0%,PENGOLAH UDARA - PENDINGIN,3,25
0024/PO/CD/V/2024/CIC/AIMP,PT. PLATBOARD LUTDESINDO,14-05-2024,31-05-2024,BILLBOARD,"Bahan flexi, ukuran 9x7 m, materi Rumah 2 lt smart home",1,1,"1,917,500.00","1,917,500.00",Finish,0%,MEDIA INFORMASI,1,17
0025/PO/CD/II/2024/CIC/CI,Toko Buku Gunung Intan - Jonggol,24-02-2024,6/3/2024,SIGN HERE STICKER,Sign here,30,30,"15,000.00","450,000.00",Finish,0%,ALAT TULIS KANTOR,1,11
0025/PO/CD/II/2024/CIC/CI,Toko Buku Gunung Intan - Jonggol,24-02-2024,6/3/2024,STAPLES KERTAS,HD 10,4,4,"15,000.00","60,000.00",Finish,0%,ALAT TULIS KANTOR,1,11
0025/PO/CD/II/2024/CIC/CIE,Emha Busana - Jakarta,19-02-2024,9/5/2024,SERAGAM KARYAWAN,"Seragam waterpark, lengan pendek, kombinasi, bahan american drill, ukuran big size, masing2 orang 2 set",6,6,"350,000.00","2,100,000.00",Finish,0%,FASHION,4,80
0025/PO/CD/IV/2024/CIC/MKES,PT. PLATBOARD LUTDESINDO,2/4/2024,29-04-2024,BANNER,"Bahan flexi, materi Avenue, ukuran 269 x 90 cm",2,2,"54,473.00","108,946.00",Finish,0%,MEDIA INFORMASI,1,27
0025/PO/CD/IV/2024/CIC/MKES,PT. PLATBOARD LUTDESINDO,2/4/2024,29-04-2024,BANNER,"Bahan flexi, materi Viola, ukuran 269 x 90 cm",3,3,"54,473.00","163,419.00",Finish,0%,MEDIA INFORMASI,1,27
0025/PO/CD/V/2024/CIC/AIMP,PT. PLATBOARD LUTDESINDO,14-05-2024,31-05-2024,BANNER,"Bahan flexi, ukuran 4x5 m, materi RC Permai 5 blvd",1,1,"450,000.00","450,000.00",Finish,0%,MEDIA INFORMASI,1,17
0025/PO/CD/V/2024/CIC/AIMP,PT. PLATBOARD LUTDESINDO,14-05-2024,31-05-2024,BANNER,"Bahan flexi, ukuran 4x5 m, materi RC Permai 6",1,1,"450,000.00","450,000.00",Finish,0%,MEDIA INFORMASI,1,17
0026/PO/CD/II/2024/CIC/CI,Toko Pasific Elektronik -  Jonggol,24-02-2024,12/3/2024,PITA / TINTA/ TONER PRINTER,Toner TN - 2356,20,20,"185,000.00","3,700,000.00",Finish,0%,KOMPUTER,4,17
0026/PO/CD/II/2024/CIC/CIE,Toko Pasific Elektronik -  Jonggol,24-02-2024,12/3/2024,PITA / TINTA/ TONER PRINTER,"Compatible, 107A, Warna: Hitam",20,20,"240,000.00","4,800,000.00",Finish,0%,KOMPUTER,3,17
0026/PO/CD/IV/2024/CIC/MKES,PT. PLATBOARD LUTDESINDO,2/4/2024,29-04-2024,BILLBOARD,"Bahan flexi, lokasi taman cileungsi, materi rumah siap huni,  uk 5 x 10 meter",1,1,"1,625,000.00","1,625,000.00",Finish,0%,MEDIA INFORMASI,1,27
0026/PO/CD/V/2024/CIC/AIMP,Toko Pasific Elektronik -  Jonggol,28-05-2024,31-05-2024,AC SPLIT WALL,AC 1/2 PK 1 UNIT,1,1,"2,350,000.00","2,350,000.00",Finish,0%,PENGOLAH UDARA - PENDINGIN,1,3
0027/PO/CD/II/2024/CIC/CI,Big Thumb - Jakarta,24-02-2024,,BROSUR,"Lipat 3, Bahan: AC 210gsm, Laminating doft, Die cut",2000,,"5,000.00",0,Dalam Proses,0%,MEDIA INFORMASI,3,
0027/PO/CD/II/2024/CIC/CIE,CREATIVE SOLUTION - JAKARTA,24-02-2024,27-03-2024,KERTAS THERMAL,Uk. 80x80,100,100,"13,300.00","1,330,000.00",Finish,0%,ALAT TULIS KANTOR,3,32
0027/PO/CD/IV/2024/CIC/MKES,Toko Pasific Elektronik -  Jonggol,3/4/2024,,AC SPLIT WALL,"AC 1/2PK, Tipe KR5AHQ",1,,"2,300,000.00",0,Dalam Proses,0%,PENGOLAH UDARA - PENDINGIN,1,
0027/PO/CD/IV/2024/CIC/MKES,Toko Pasific Elektronik -  Jonggol,3/4/2024,,AC SPLIT WALL,"AC 1/2PK, Tipe KR5AHQ",1,,"2,300,000.00",0,Dalam Proses,0%,PENGOLAH UDARA - PENDINGIN,1,
0027/PO/CD/V/2024/CIC/AIMP,PT. PLATBOARD LUTDESINDO,28-05-2024,,BANNER,"Roll Banner Permai, ukuran 80x200 cm, bahan flexi",1,,"450,000.00",0,Dalam Proses,0%,MEDIA INFORMASI,1,
0028/PO/CD/II/2024/CIC/CI,Alvin Azizi - Tangerang,24-02-2024,6/3/2024,SPANDUK,"Bahan polyster, sablon, Uk. 1,15x8 meter, materi : harga mulai 200jutaan",100,100,"68,000.00","6,800,000.00",Finish,0%,MEDIA INFORMASI,2,11
0028/PO/CD/II/2024/CIC/CIE,Emha Busana - Jakarta,26-02-2024,,SERAGAM KARYAWAN,"Seragam waterpark, lengan pendek, kombinasi, bahan american drill, ukuran standar, masing2 orang 2 stel",2,,"300,000.00",0,Dalam Proses,0%,FASHION,24,
0028/PO/CD/IV/2024/CIC/MKES,PT. PLATBOARD LUTDESINDO,3/4/2024,29-04-2024,BANNER,"Bahan flexi, materi RUMAH SIAP HUNI HEMAT HINGGA 120 JT, Uk 2x3 meter,  lokasi JABABEKA - CIBARUSAH - CILEUNGSI",24,24,"385,000.00","9,240,000.00",Finish,0%,MEDIA INFORMASI,1,26
0028/PO/CD/V/2024/CIC/AIMP,Alvin Azizi - Tangerang,28-05-2024,,SPANDUK,"Bahan polyester, ukuran 8x1,15 meter, materi 3 KT 700juta - Permai",100,,"68,000.00",0,Dalam Proses,0%,MEDIA INFORMASI,1,
0029/PO/CD/II/2024/CIC/CI,CV. Sanjaya - Bekasi,24-02-2024,12/3/2024,BROSUR,"Pricelist Meranti, Cetak hitam putih, 1 muka, materi : kertas A4, per : 30 Okt 2023",2500,2500,200,"500,000.00",Finish,0%,MEDIA INFORMASI,2,17
0029/PO/CD/II/2024/CIC/CIE,PT. Kencana Sukses Mandiri - Jakarta,29-02-2024,12/3/2024,POWER SUPPLY,"DC.12 V 50A, 600 watt, GR9",4,4,"830,000.00","3,320,000.00",Finish,0%,LISTRIK,2,12
0029/PO/CD/IV/2024/CIC/MKES,Ace Hardware - Cibubur,4/4/2024,5/4/2024,ALAT PENGHARUM RUANGAN,"Room freshener, otomatis, dilengkapi LED, Kkapasitas: 260 ml, tenaga baterai,",3,3,"249,900.00","749,700.00",Finish,0%,KEBERSIHAN,43,1
0029/PO/CD/V/2024/CIC/AIMP,Toko Pasific Elektronik -  Jonggol,30-05-2024,,AC SPLIT WALL,"AC 1/2 PK, tipe AQA-CR5FQDL",1,,"2,350,000.00",0,Dalam Proses,0%,PENGOLAH UDARA - PENDINGIN,1,
0030/PO/CD/II/2024/CIC/CI,Toko Pasific Elektronik -  Jonggol,24-02-2024,4/3/2024,PELINDUNG KABEL,Spiral Wrapping Band KS-12 10m/roll,30,30,"20,000.00","600,000.00",Finish,0%,MATERIAL KONSTRUKSI,2,9
0030/PO/CD/II/2024/CIC/CIE,Toko Buku Gunung Intan - Jonggol,29-02-2024,6/3/2024,KERTAS A4,"Kertas A4, 75gr",30,30,"45,000.00","1,350,000.00",Finish,0%,ALAT TULIS KANTOR,2,6
0030/PO/CD/IV/2024/CIC/MKES,PT. PLATBOARD LUTDESINDO,23-04-2024,6/5/2024,BANNER,"Roll Banner, bahan : flexi, materi Viola, Uk 200x80 cm",2,2,"450,000.00","900,000.00",Finish,0%,MEDIA INFORMASI,4,13
0030/PO/CD/VI/2024/CIC/AIMP,PT. PLATBOARD LUTDESINDO,3/6/2024,,BANNER,"Roll Banner Permai, ukuran 80x200 cm, bahan flexi",1,,"450,000.00",0,Dalam Proses,0%,MEDIA INFORMASI,4,
0031/PO/CD/II/2024/CIC/CI,Toko Buku Gunung Intan - Jonggol,26-02-2024,6/3/2024,BATERAI,"Baterai A2, isi 2 pcs",24,24,"20,000.00","480,000.00",Finish,0%,PERALATAN KANTOR LAIN,3,9
0031/PO/CD/III/2024/CIC/CIE,BAKTI PERCETAKAN - JAKARTA,8/3/2024,20-03-2024,STIKER INFORMASI,"Bahan vynil, utk perioede April s.d Juni 2024, warna soft blue",7000,7000,"2,000.00","14,000,000.00",Finish,0%,RUPA - RUPA,1,12
0031/PO/CD/VI/2024/CIC/AIMP,PT. PLATBOARD LUTDESINDO,3/6/2024,,SPANDUK,"Bahan flexi, ukuran 1x2 meter, materi Ciputra Hub",1,,"45,000.00",0,Dalam Proses,0%,MEDIA INFORMASI,4,
0032/PO/CD/II/2024/CIC/CI,BAKTI PERCETAKAN - JAKARTA,26-02-2024,25-03-2024,BENDERA PROYEK,"Bahan saten peles ,warna merah, logo ciputra, ukuran 300X180 cm",30,30,"255,000.00","7,650,000.00",Finish,0%,KARYA SENI - PENGHARGAAN -SIMBOL,3,28
0032/PO/CD/II/2024/CIC/CI,BAKTI PERCETAKAN - JAKARTA,26-02-2024,25-03-2024,BENDERA PROYEK,"Bahan saten peles ,warna biru, logo ciputra, ukuran 300X180 cm",30,30,"255,000.00","7,650,000.00",Finish,0%,KARYA SENI - PENGHARGAAN -SIMBOL,3,28
0032/PO/CD/III/2024/CIC/CIE,Toko Buku Gunung Intan - Jonggol,8/3/2024,18-03-2024,PAPAN TULIS,Uk. 120 x 240 cm,1,1,"600,000.00","600,000.00",Finish,0%,ALAT TULIS KANTOR,1,10
0033/PO/CD/II/2024/CIC/CI,BAKTI PERCETAKAN - JAKARTA,26-02-2024,25-03-2024,UMBUL UMBUL,"Ukuran 9 meter, warna merah, Bahan saten (jahit+obras), Materi: ""Logo CIC"", Ujung bola plastik",30,30,"285,000.00","8,550,000.00",Finish,0%,KARYA SENI - PENGHARGAAN -SIMBOL,3,28
0033/PO/CD/II/2024/CIC/CI,BAKTI PERCETAKAN - JAKARTA,26-02-2024,25-03-2024,UMBUL UMBUL,"Ukuran 9 meter, warna biru, Bahan saten (jahit+obras), Materi: ""Logo CIC"", Ujung bola plastik",30,30,"285,000.00","8,550,000.00",Finish,0%,KARYA SENI - PENGHARGAAN -SIMBOL,3,28
0033/PO/CD/III/2024/CIC/CIE,SIGMA TECH - BEKASI,8/3/2024,20-03-2024,CHIP LED,"CHIP LED 30 WATT, WRN PUTIH",50,50,"55,500.00","2,775,000.00",Finish,0%,LISTRIK,1,12
0033/PO/CD/III/2024/CIC/CIE,SIGMA TECH - BEKASI,8/3/2024,20-03-2024,DRIVER LAMPU LED,DRIVER LED 30 WATT,50,50,"61,050.00","3,052,500.00",Finish,0%,LISTRIK,1,12
0033/PO/CD/IV/2024/CIC/MKES,PT. MITRA PERSADA SARANA TEKNOLOGI - JAKARTA,29-04-2024,,SOFTWARE ADOBE,License Software Renewal Adobe Photoshop Creative Cloud LT - New 365 Day User : Jelisia Ariyanto,1,,"8,873,873.00",0,Dalam Proses,0%,KOMPUTER,3,
0034/PO/CD/II/2024/CIC/CI,Ace Hardware - Cibubur,29-02-2024,18-04-2024,RAMBU LALU LINTAS,"Sign acrylic yes open + sorry close, 2 sisi, Material akrilik, dimensi 17x17x0,5 cm",2,2,"89,900.00","179,800.00",Finish,0%,MEDIA INFORMASI,1,49
0034/PO/CD/III/2024/CIC/CIE,Toko Pasific Elektronik -  Jonggol,8/3/2024,18-03-2024,TABLET,XIAOMI REDMY TAB SE RAM 4 GB ROM 128 GB,1,1,"1,900,000.00","1,900,000.00",Finish,0%,KOMUNIKASI,0,10
0034/PO/CD/V/2024/CIC/MKES,Toko Pasific Elektronik -  Jonggol,2/5/2024,,AC SPLIT WALL,"AC 1/2PK, Tipe KCR5ANQ",1,,"2,300,000.00",0,Dalam Proses,0%,PENGOLAH UDARA - PENDINGIN,2,
0035/PO/CD/III/2024/CIC/CI,CV. SUKSES HUTAMA ELITE,8/3/2024,20-03-2024,PITA / TINTA/ TONER PRINTER,Toner 30A,5,5,"95,000.00","475,000.00",Finish,0%,KOMPUTER,3,12
0035/PO/CD/III/2024/CIC/CIE,CV ELMAS APARINDO - CILEUNGSI,15-03-2024,14-05-2024,REFILL APAR,"Powder, 3 Kg",3,3,"120,000.00","360,000.00",Finish,0%,PERALATAN KEAMANAN,2,60
0035/PO/CD/V/2024/CIC/MKES,CV. Sanjaya - Bekasi,2/5/2024,,KERTAS KOP,"HVS A4, 80gr, logo di kiri atas, alamat di kiri bawah",50,,"80,000.00",0,Dalam Proses,0%,ALAT TULIS KANTOR,2,
0036/PO/CD/III/2024/CIC/CI,PT. MITRA PERSADA SARANA TEKNOLOGI - JAKARTA,8/3/2024,18-04-2024,SOFTWARE ADOBE,Renewal License Software Adobe Photoshop CC VIP No. 5D1C28E8EC271BF5096A,1,1,"8,873,873.00","8,873,873.00",Finish,0%,KOMPUTER,3,41
0036/PO/CD/III/2024/CIC/CIE,"ELMAS APARINDO, CV - CIBINONG",15-03-2024,14-05-2024,REFILL APAR,"Powder, 3 Kg",4,4,"120,000.00","480,000.00",Finish,0%,PERALATAN KEAMANAN,2,60
0036/PO/CD/V/2024/CIC/MKES,Toko Pasific Elektronik -  Jonggol,2/5/2024,,AC SPLIT WALL,"AC 1/2PK, Tipe KCR5ANQ",1,,"2,300,000.00",0,Dalam Proses,0%,PENGOLAH UDARA - PENDINGIN,2,
0037/PO/CD/III/2024/CIC/CI,Toko Pasific Elektronik -  Jonggol,8/3/2024,18-03-2024,POWER SUPPLY,"550 Watt, Flexible 20+4pin compliant with INTEL ATX 12V 2.2, Main power & (4+4)pin + EPS 12V connectors",1,1,"550,000.00","550,000.00",Finish,0%,KOMPUTER,1,10
0037/PO/CD/III/2024/CIC/CIE,TOKO JASA TANI JONGGOL - BOGOR,15-03-2024,18-04-2024,PUPUK,Pupuk NPK mutiara grower 15-09-20+TE,5,5,"24,000.00","120,000.00",Finish,0%,PERTAMANAN,1,34
0037/PO/CD/V/2024/CIC/MKES,Toko Pasific Elektronik -  Jonggol,7/5/2024,,LAMPU,"15 watt, warna putih",8,,"35,000.00",0,Dalam Proses,0%,LISTRIK,0,
0038/PO/CD/III/2024/CIC/CI,CV. SUKSES HUTAMA ELITE,8/3/2024,,DRUM KIT / ROLLER,Toner Brother TN2356 (Drumkit),6,,"320,000.00",0,Dalam Proses,0%,KOMPUTER,1,
0038/PO/CD/III/2024/CIC/CIE,Ace Hardware - Cibubur,15-03-2024,18-03-2024,WALL MOUNTED / TEMPAT TISUE DINDING,"Tissue dispenser fold white, dimensi 26x10x21cm, warna putih, material plastik",1,1,"169,915.00","169,915.00",Finish,0%,SANITAIR DAN KAMAR MANDI,46,3
0038/PO/CD/III/2024/CIC/CIE,Ace Hardware - Cibubur,15-03-2024,18-03-2024,WALL MOUNTED / TEMPAT TISUE DINDING,"Paper dispenser white jumbo CD8002A, dimensi 28x13x27cm, warna putih, material plastik",2,2,"212,415.00","424,830.00",Finish,0%,SANITAIR DAN KAMAR MANDI,46,3
0038/PO/CD/V/2024/CIC/MKES,ACE HARDWARE CIBUBUR - Cibubur,14-05-2024,,METERAN,"Panjang 7,5 meter, dimensi 2,5x7,5 meter, self locking, desain ergonomis",2,,"63,000.00",0,Dalam Proses,0%,PERALATAN KERJA LAPANGAN,4,
0039/PO/CD/III/2024/CIC/CI,TOHI - BOGOR,8/3/2024,18-03-2024,BAMBU,Panjang +/- 6 meter,50,50,"12,000.00","600,000.00",Finish,0%,MATERIAL KONSTRUKSI,1,10
0039/PO/CD/III/2024/CIC/CIE,APOTERK OKE PLUS,15-03-2024,,OBAT - OBATAN LAINNYA,PANADOL HIJAU - 1 BLISTER - 10 KAPLET,1,,"19,000.00",0,Dalam Proses,0%,KESEHATAN,1,
0039/PO/CD/III/2024/CIC/CIE,APOTERK OKE PLUS,15-03-2024,,OBAT - OBATAN LAINNYA,KAPAS SATUAN (BULAT2 KECIL),2,,"7,000.00",0,Dalam Proses,0%,KESEHATAN,1,
0039/PO/CD/III/2024/CIC/CIE,APOTERK OKE PLUS,15-03-2024,,OBAT - OBATAN LAINNYA,isi 100 lembar,3,,"55,000.00",0,Dalam Proses,0%,KESEHATAN,1,
0039/PO/CD/III/2024/CIC/CIE,APOTERK OKE PLUS,15-03-2024,,OBAT - OBATAN LAINNYA,"Obat tetes mata, Erlamcetin",3,,"17,000.00",0,Dalam Proses,0%,KESEHATAN,1,
0039/PO/CD/III/2024/CIC/CIE,APOTERK OKE PLUS,15-03-2024,,OBAT - OBATAN LAINNYA,KASA HIDROPHILE - BINDA,10,,"7,000.00",0,Dalam Proses,0%,KESEHATAN,1,
0039/PO/CD/III/2024/CIC/CIE,APOTERK OKE PLUS,15-03-2024,,OBAT - OBATAN LAINNYA,1/2 inchi,15,,"15,000.00",0,Dalam Proses,0%,KESEHATAN,1,
0039/PO/CD/III/2024/CIC/CIE,APOTERK OKE PLUS,15-03-2024,,OBAT GOSOK / OLES,"Minyak telon, 30 ml",3,,"15,000.00",0,Dalam Proses,0%,KESEHATAN,1,
0039/PO/CD/III/2024/CIC/CIE,APOTERK OKE PLUS,15-03-2024,,OBAT MERAH,30 ML,5,,"35,000.00",0,Dalam Proses,0%,KESEHATAN,1,
0039/PO/CD/III/2024/CIC/CIE,APOTERK OKE PLUS,15-03-2024,,OBAT SAKIT KEPALA,PANADOL BIRU - 1 BLISTER - 10 KAPLET,1,,"14,000.00",0,Dalam Proses,0%,KESEHATAN,1,
0039/PO/CD/III/2024/CIC/CIE,APOTERK OKE PLUS,15-03-2024,,OBAT SAKIT KEPALA,PANADOL MERAH - 1 BLISTER - 10 KAPLET,1,,"17,000.00",0,Dalam Proses,0%,KESEHATAN,1,
0039/PO/CD/V/2024/CIC/MKES,CV. Sanjaya - Bekasi,20-05-2024,31-05-2024,KERTAS KOP,"HVS A4, 80gr, logo dikiri atas, alamat di kiri bawah",50,50,"80,000.00","4,000,000.00",Finish,0%,ALAT TULIS KANTOR,3,11
0040/PO/CD/III/2024/CIC/CI,PT. MITRA PERSADA SARANA TEKNOLOGI - JAKARTA,8/3/2024,18-04-2024,SOFTWARE ADOBE,SOFTWARE ADOBE CREATIVE/FAMILY,1,1,"19,280,000.00","19,280,000.00",Finish,0%,KOMPUTER,1,41
0040/PO/CD/III/2024/CIC/CIE,SAHABAT USAHA TEKNIK - BOGOR,19-03-2024,,LAMPU,"Lampu LED, 10 Watt, warna putih",15,,"45,000.00",0,Dalam Proses,0%,LISTRIK,1,
0040/PO/CD/V/2024/CIC/MKES,SINOR STORE - TOKOPEDIA (BEKASI),24-05-2024,,SEPATU LAPANGAN,"Warna mocca, Ukuran 45",1,,"446,999.00",0,Dalam Proses,0%,FASHION,2,
0041/PO/CD/III/2024/CIC/CI,"MITRA INTEGRASI INFORMATIKA,PT - JL. LETJEN S. PARMAN KAV 28",8/3/2024,,PAKET EMAIL OFFICE 365,License Email O365 an. puterizahra.bella@ciputra.com,1,,"382,898.00",0,Dalam Proses,0%,KOMPUTER,1,
0041/PO/CD/III/2024/CIC/CIE,DUNIA PERAHU - JAKARTA,19-03-2024,3/4/2024,HARDENER,Haerdener cairan pengeras,2,2,"100,000.00","200,000.00",Finish,0%,CHEMICAL,1,15
0041/PO/CD/III/2024/CIC/CIE,DUNIA PERAHU - JAKARTA,19-03-2024,3/4/2024,VALVE,Tutup pentil ban racer slide,9,9,"80,000.00","720,000.00",Finish,0%,MECHANICAL,1,15
0041/PO/CD/V/2024/CIC/MKES,Toko Pasific Elektronik -  Jonggol,28-05-2024,,AC SPLIT WALL,"AC 1/2 PK, tipe AQA-CR5FQDL",1,,"2,350,000.00",0,Dalam Proses,0%,PENGOLAH UDARA - PENDINGIN,1,
0042/PO/CD/III/2024/CIC/CI,Toko Pasific Elektronik -  Jonggol,8/3/2024,18-03-2024,KEYBOARD,"Keyboard tipe K-270 + Mouse M-170, warna hitam",1,1,"405,000.00","405,000.00",Finish,0%,KOMPUTER,0,10
0042/PO/CD/III/2024/CIC/CIE,DUNIA PERAHU - JAKARTA,19-03-2024,3/4/2024,LEM,LEM BAN PVC GLUE,2,2,"500,000.00","1,000,000.00",Finish,0%,MATERIAL KONSTRUKSI,2,15
0042/PO/CD/V/2024/CIC/MKES,Toko Pasific Elektronik -  Jonggol,30-05-2024,,AC SPLIT WALL,"AC 1/2 PK, tipe AQA-CR5FQDL",1,,"2,350,000.00",0,Dalam Proses,0%,PENGOLAH UDARA - PENDINGIN,1,
0043/PO/CD/III/2024/CIC/CI,CV. Sanjaya - Bekasi,15-03-2024,20-03-2024,AMPLOP COKLAT,"Ukuran F4, cetak logo & alamat, 1 warna",500,500,"1,560.00","780,000.00",Finish,0%,ALAT TULIS KANTOR,2,5
0043/PO/CD/III/2024/CIC/CIE,Ace Hardware - Cibubur,20-03-2024,21-03-2024,KURSI PLASTIK,"Soleil Barvita, Daya Beban: 125 kg, material plastik PP, P/L/T : 56,8 cm, 55,1 cm, 83,5 cm, warna biru",16,16,"249,900.00","3,998,400.00",Finish,0%,FURNITURE - DEKORASI,69,1
0043/PO/CD/VI/2024/CIC/MKES,PT. PLATBOARD LUTDESINDO,3/6/2024,,BILLBOARD,"Bahan flexi, ukuran 10x7 meter, materi 120juta",1,,"2,075,000.00",0,Dalam Proses,0%,MEDIA INFORMASI,4,
0044/PO/CD/III/2024/CIC/CI,Toko Pasific Elektronik -  Jonggol,15-03-2024,26-03-2024,SILINDER KUNCI,SILINDER KUNCI MERK DEKSON DC 80 mm,1,1,"185,000.00","185,000.00",Finish,0%,MATERIAL KONSTRUKSI,2,11
0044/PO/CD/III/2024/CIC/CIE,Toko Pasific Elektronik -  Jonggol,20-03-2024,22-03-2024,LAMPU,"Lampu TL LED 16 Watt , warna putih",5,5,"97,500.00","487,500.00",Finish,0%,LISTRIK,1,2
0044/PO/CD/VI/2024/CIC/MKES,Toko Pasific Elektronik -  Jonggol,3/6/2024,,AC SPLIT WALL,"AC 1/2 PK, tipe AQA-CR5FQDL",1,,"2,350,000.00",0,Dalam Proses,0%,PENGOLAH UDARA - PENDINGIN,5,
0044/PO/CD/VI/2024/CIC/MKES,Toko Pasific Elektronik -  Jonggol,3/6/2024,,AC SPLIT WALL,"AC 1/2 PK, tipe AQA-CR5FQDL",1,,"2,350,000.00",0,Dalam Proses,0%,PENGOLAH UDARA - PENDINGIN,5,
0044/PO/CD/VI/2024/CIC/MKES,Toko Pasific Elektronik -  Jonggol,3/6/2024,,AC SPLIT WALL,"AC 1/2 PK, tipe AQA-CR5FQDL",1,,"2,350,000.00",0,Dalam Proses,0%,PENGOLAH UDARA - PENDINGIN,5,
0045/PO/CD/III/2024/CIC/CI,PT MITRA INTEGRASI INFORMATIKA - JAKARTA,15-03-2024,,EMAIL,License Email O365 E1 email official PT. Ciputra Indah Griya Asri,1,,"710,827.00",0,Dalam Proses,0%,KOMPUTER,2,
0045/PO/CD/III/2024/CIC/CIE,TOKO GS,22-03-2024,29-04-2024,LEM,Lem padat epoxy,5,5,"15,000.00","75,000.00",Finish,0%,MATERIAL KONSTRUKSI,2,38
0045/PO/CD/III/2024/CIC/CIE,TOKO GS,22-03-2024,29-04-2024,LEM,Lem tetes,10,10,"8,000.00","80,000.00",Finish,0%,MATERIAL KONSTRUKSI,2,38
0045/PO/CD/VI/2024/CIC/MKES,PT. PLATBOARD LUTDESINDO,3/6/2024,,SPANDUK,"Bahanflexi, ukuran 1x2 meter, materi Ciputra Hub",5,,"45,000.00",0,Dalam Proses,0%,MEDIA INFORMASI,4,
0046/PO/CD/III/2024/CIC/CI,Toko Buku Gunung Intan - Jonggol,15-03-2024,20-03-2024,CLEAR HOLDER,"Warna bening, ukuran F4",100,100,"3,750.00","375,000.00",Finish,0%,ALAT TULIS KANTOR,1,5
0046/PO/CD/III/2024/CIC/CIE,TOKO GS,22-03-2024,29-04-2024,LEM SEALANT,warna clear,6,6,"60,000.00","360,000.00",Finish,0%,MATERIAL KONSTRUKSI,2,38
0047/PO/CD/III/2024/CIC/CI,BAKTI PERCETAKAN - JAKARTA,22-03-2024,29-04-2024,KARTU IDENTITAS,"Wrn putih, logo kiri atas, QR Code sebelah kanan, a.n Bella",3,3,"27,000.00","81,000.00",Finish,0%,RUPA - RUPA,3,38
0047/PO/CD/III/2024/CIC/CI,BAKTI PERCETAKAN - JAKARTA,22-03-2024,29-04-2024,KARTU IDENTITAS,"Wrn putih, logo kiri atas, QR Code sebelah kanan, a.n Kusmanto",3,3,"27,000.00","81,000.00",Finish,0%,RUPA - RUPA,3,38
0047/PO/CD/III/2024/CIC/CIE,TOKO GS,22-03-2024,29-04-2024,KABEL TIE / TIES,Kabel TIES 250cm,4,4,"35,000.00","140,000.00",Finish,0%,LISTRIK,1,38
0047/PO/CD/III/2024/CIC/CIE,TOKO GS,22-03-2024,29-04-2024,LEM,Lem tetes,5,5,"8,000.00","40,000.00",Finish,0%,MATERIAL KONSTRUKSI,1,38
0048/PO/CD/III/2024/CIC/CI,Toko Buku Gunung Intan - Jonggol,22-03-2024,26-03-2024,STEPLER JILID,"Tipe 0383, Kapasitas Jilid Max.: 210 lembar ( 70 gsm), Dimensi produk : 36 cm (l) x 9 cm(w) x 38 cm (t)",1,1,"500,000.00","500,000.00",Finish,0%,ALAT TULIS KANTOR,2,4
0048/PO/CD/III/2024/CIC/CIE,ACE HARDWARE CIBUBUR - Cibubur,22-03-2024,21-05-2024,GANTUNGAN BAJU,Gantungan baju stainlees 2 kait,7,7,"79,900.00","559,300.00",Finish,0%,FASHION,1,60
0049/PO/CD/III/2024/CIC/CI,Toko Pasific Elektronik -  Jonggol,22-03-2024,26-03-2024,HANDPHONE (HP),Hp Infinix Hot 30 NFC  Ram 8GB Internal 128GB Main Camera Dual 50 MP Selfie Camera Single 8 MP Battery Type Li-Po 5000 mAh,1,1,"1,800,000.00","1,800,000.00",Finish,0%,KOMUNIKASI,2,4
0050/PO/CD/III/2024/CIC/CI,DASW - Bekasi,25-03-2024,3/4/2024,STEMPEL,"Stampel Trodat,  Tulisan jatuh tempo warna biru, tulisan tgl, bulan, tahun warna merah, tulisan administrasi pembayaran warna biru + tinta stock",1,1,"250,000.00","250,000.00",Finish,0%,ALAT TULIS KANTOR,3,9
0050/PO/CD/III/2024/CIC/CIE,BAKTI PERCETAKAN - JAKARTA,25-03-2024,3/4/2024,BUKU FORM,Cetak warna 4A. 80gr,1,1,"130,000.00","130,000.00",Finish,0%,ALAT TULIS KANTOR,3,9
0050/PO/CD/III/2024/CIC/CIE,BAKTI PERCETAKAN - JAKARTA,25-03-2024,3/4/2024,BUKU FORM,FORM KENAIKAN IPL,2,2,"130,000.00","260,000.00",Finish,0%,ALAT TULIS KANTOR,3,9
0050/PO/CD/III/2024/CIC/CIE,BAKTI PERCETAKAN - JAKARTA,25-03-2024,3/4/2024,BUKU FORM,FORM KENAIKAN IPL,6,6,"130,000.00","780,000.00",Finish,0%,ALAT TULIS KANTOR,3,9
0050/PO/CD/III/2024/CIC/CIE,BAKTI PERCETAKAN - JAKARTA,25-03-2024,3/4/2024,BUKU FORM,FORM KENAIKAN IPL,7,7,"130,000.00","910,000.00",Finish,0%,ALAT TULIS KANTOR,3,9
0051/PO/CD/III/2024/CIC/CI,Desti Advertising - Bekasi,26-03-2024,29-04-2024,STIKER NAMA KARYAWAN,"Lembaran A3, sticker digital printing fronlight, non laminating, a.n Bella",5,5,"27,000.00","135,000.00",Finish,0%,RUPA - RUPA,0,34
0051/PO/CD/III/2024/CIC/CI,Desti Advertising - Bekasi,26-03-2024,29-04-2024,STIKER NAMA KARYAWAN,"Lembaran A3, sticker digital printing fronlight, non laminating, a.n Kusmanto",5,5,"27,000.00","135,000.00",Finish,0%,RUPA - RUPA,0,34
0051/PO/CD/III/2024/CIC/CI,Desti Advertising - Bekasi,26-03-2024,29-04-2024,STIKER NAMA KARYAWAN,"Lembaran A3, sticker digital printing fronlight, non laminating, a.n Fitria",5,5,"27,000.00","135,000.00",Finish,0%,RUPA - RUPA,0,34
0051/PO/CD/III/2024/CIC/CIE,DIVINE SUCCEES - TOKOPEDIA (JAKARTA),25-03-2024,17-05-2024,VACUUM HEAD,8 roda + kepala T,2,2,"2,104,000.00","4,208,000.00",Finish,0%,KEBERSIHAN,5,53
0052/PO/CD/III/2024/CIC/CI,Toko Pasific Elektronik -  Jonggol,26-03-2024,4/4/2024,CHARGE HT,Adaptor Type C 20 Watt Fast Charging Original Apple,1,1,"450,000.00","450,000.00",Finish,0%,KOMUNIKASI,1,9
0052/PO/CD/III/2024/CIC/CIE,PT. PLATBOARD LUTDESINDO,29-03-2024,29-04-2024,SPANDUK,"Bahan : Flexi, Materi : Idul Fitri, Ukuran : 1,15 x 8 meter",13,13,"207,000.00","2,691,000.00",Finish,0%,MEDIA INFORMASI,2,31
0053/PO/CD/III/2024/CIC/CI,ABDUL ROHMAN - BOGOR,26-03-2024,9/5/2024,KACA MEJA,Warna Bening Ukuran : Panjang = 140cm & Lebar = 70cm,1,1,"320,000.00","320,000.00",Finish,0%,FURNITURE - DEKORASI,0,44
0053/PO/CD/III/2024/CIC/CI,ABDUL ROHMAN - BOGOR,26-03-2024,9/5/2024,KACA MEJA,Warna Hitam Ukuran : Panjang = 240cm & Lebar = 80cm,2,2,"590,000.00","1,180,000.00",Finish,0%,FURNITURE - DEKORASI,0,44
0054/PO/CD/IV/2024/CIC/CI,PT. PLATBOARD LUTDESINDO,2/4/2024,,BANNER,"Bahan flexi, materi Meranti, ukuran 269 x 90 cm",2,,"54,473.00",0,Dalam Proses,0%,MEDIA INFORMASI,1,
0054/PO/CD/IV/2024/CIC/CIE,Alvin Azizi - Tangerang,4/4/2024,24-04-2024,SPANDUK,"Bahan polyester, uk. 1,15 x 8 meter, materi : liburan idul fitri waterpark, cetak digital printing",50,50,"160,000.00","8,000,000.00",Finish,0%,MEDIA INFORMASI,2,20
0055/PO/CD/IV/2024/CIC/CI,Immanuel Offset Printing - Jakarta,2/4/2024,9/5/2024,BAG / TAS BINGKISAN,"Bahan D600, warna hitam, sablon 2 muka",700,700,"13,500.00","9,450,000.00",Finish,0%,RUPA - RUPA,1,37
0055/PO/CD/IV/2024/CIC/CIE,BERKAH JAYA - BOGOR,4/4/2024,18-04-2024,KOMPONEN / SPAREPART LAINNYA,TIMING CONTROL TV LED SONY BATAVIA 55 ICH,1,1,"1,300,000.00","1,300,000.00",Finish,0%,MECHANICAL,0,14
0056/PO/CD/IV/2024/CIC/CI,Alvin Azizi - Tangerang,2/4/2024,24-04-2024,SPANDUK,"Bahan polyester, materi : rumah 2 kamar harga mulai dari 230 jutaan,  uk 800 x 115 cm",100,100,"68,000.00","6,800,000.00",Finish,0%,MEDIA INFORMASI,1,22
0056/PO/CD/IV/2024/CIC/CIE,PT. Kencana Sukses Mandiri - Jakarta,5/4/2024,6/5/2024,CHIP LED,"30 watt, warna putih, COB",100,100,"65,000.00","6,500,000.00",Finish,0%,LISTRIK,1,31
0056/PO/CD/IV/2024/CIC/CIE,PT. Kencana Sukses Mandiri - Jakarta,5/4/2024,6/5/2024,DRIVER LAMPU LED,"30 watt, 900 mh",100,100,"75,000.00","7,500,000.00",Finish,0%,LISTRIK,1,31
0057/PO/CD/IV/2024/CIC/CI,CV. SUKSES HUTAMA ELITE,3/4/2024,2/5/2024,PITA / TINTA/ TONER PRINTER,Tinta Epson 003 Black,15,15,"35,000.00","525,000.00",Finish,0%,KOMPUTER,1,29
0057/PO/CD/IV/2024/CIC/CIE,ONDA OFFICIAL STORE - TOKOPEDIA (TANGERANG),26-04-2024,,SPAREPART KERAN/KRAN AIR,"Kran air tembok, tipe A-801T, 1/2 inch",5,,"99,000.00",0,Dalam Proses,0%,SANITAIR DAN KAMAR MANDI,3,
0058/PO/CD/IV/2024/CIC/CI,PT. PLATBOARD LUTDESINDO,3/4/2024,29-04-2024,BILLBOARD,"Bahan flexi, materi Idul fitri, lokasi depan SPBU, uk 9x7 meter",1,1,"1,917,500.00","1,917,500.00",Finish,0%,MEDIA INFORMASI,1,26
0058/PO/CD/IV/2024/CIC/CIE,BAKTI PERCETAKAN - JAKARTA,26-04-2024,,BUKU FORM,"Cetak warna, kertas 4A. 80gr",7,,"130,000.00",0,Dalam Proses,0%,ALAT TULIS KANTOR,3,
0058/PO/CD/IV/2024/CIC/CIE,BAKTI PERCETAKAN - JAKARTA,26-04-2024,,BUKU FORM,"Cetak warna, kertas A4. 80gr",7,,"130,000.00",0,Dalam Proses,0%,ALAT TULIS KANTOR,3,
0058/PO/CD/IV/2024/CIC/CIE,BAKTI PERCETAKAN - JAKARTA,26-04-2024,,BUKU FORM,"Cetak warna, kertas A4. 80gr",7,,"130,000.00",0,Dalam Proses,0%,ALAT TULIS KANTOR,3,
0059/PO/CD/IV/2024/CIC/CI,Toko Buku Gunung Intan - Jonggol,3/4/2024,18-04-2024,ISI STAPLER,isi stapler kecil No 10,50,50,"8,000.00","400,000.00",Finish,0%,ALAT TULIS KANTOR,1,15
0059/PO/CD/IV/2024/CIC/CI,Toko Buku Gunung Intan - Jonggol,3/4/2024,18-04-2024,PAPER CLIPS,Trigonal no 3,30,30,"5,000.00","150,000.00",Finish,0%,ALAT TULIS KANTOR,1,15
0059/PO/CD/IV/2024/CIC/CIE,CJ SANITARY - TOKOPEDIA (JAKARTA),26-04-2024,,SPAREPART SHOWER,Kepala shower tipe SO 230,3,,"115,000.00",0,Dalam Proses,0%,SANITAIR DAN KAMAR MANDI,3,
0060/PO/CD/IV/2024/CIC/CI,Alvin Azizi - Tangerang,5/4/2024,14-05-2024,SPANDUK,"Bahan polyester, Uk. 115 x 800cm, materi : ucapan idul fitri",50,50,"68,000.00","3,400,000.00",Finish,0%,MEDIA INFORMASI,0,39
0060/PO/CD/V/2024/CIC/CIE,ACE HARDWARE CIBUBUR - Cibubur,2/5/2024,2/5/2024,GANTUNGAN BAJU,"Bahan stainless, 3 hook",2,2,"79,900.00","159,800.00",Finish,0%,FASHION,38,0
0060/PO/CD/V/2024/CIC/CIE,ACE HARDWARE CIBUBUR - Cibubur,2/5/2024,2/5/2024,KURSI / SOFA LAINNYA,"Soleil Barvita, Daya Beban: 125 kg, material plastik PP, P/L/T : 56,8 cm, 55,1 cm, 83,5 cm, warna peach",16,16,"249,900.00","3,998,400.00",Finish,0%,FURNITURE - DEKORASI,38,0
0061/PO/CD/IV/2024/CIC/CI,PT. PLATBOARD LUTDESINDO,23-04-2024,6/5/2024,BANNER,"Roll Banner, bahan : flexi, materi Meranti, Uk 200x80 cm",2,2,"450,000.00","900,000.00",Finish,0%,MEDIA INFORMASI,4,13
0061/PO/CD/V/2024/CIC/CIE,APOTERK OKE PLUS,2/5/2024,14-05-2024,OBAT - OBATAN LAINNYA,PANADOL HIJAU - 1 BLISTER - 10 KAPLET,1,1,"19,000.00","19,000.00",Finish,0%,KESEHATAN,2,12
0061/PO/CD/V/2024/CIC/CIE,APOTERK OKE PLUS,2/5/2024,14-05-2024,OBAT - OBATAN LAINNYA,KAPAS SATUAN (BULAT2 KECIL),2,2,"7,000.00","14,000.00",Finish,0%,KESEHATAN,2,12
0061/PO/CD/V/2024/CIC/CIE,APOTERK OKE PLUS,2/5/2024,14-05-2024,OBAT - OBATAN LAINNYA,isi 100 lembar,3,3,"55,000.00","165,000.00",Finish,0%,KESEHATAN,2,12
0061/PO/CD/V/2024/CIC/CIE,APOTERK OKE PLUS,2/5/2024,14-05-2024,OBAT - OBATAN LAINNYA,KASA HIDROPHILE - BINDA,10,10,"7,000.00","70,000.00",Finish,0%,KESEHATAN,2,12
0061/PO/CD/V/2024/CIC/CIE,APOTERK OKE PLUS,2/5/2024,14-05-2024,OBAT - OBATAN LAINNYA,MICROPORE KECIL,15,15,"15,000.00","225,000.00",Finish,0%,KESEHATAN,2,12
0061/PO/CD/V/2024/CIC/CIE,APOTERK OKE PLUS,2/5/2024,14-05-2024,OBAT GOSOK / OLES,"Minyak telon, 30 ml",3,3,"15,000.00","45,000.00",Finish,0%,KESEHATAN,2,12
0061/PO/CD/V/2024/CIC/CIE,APOTERK OKE PLUS,2/5/2024,14-05-2024,OBAT GOSOK / OLES,"Obat tetes mata, Erlamcetin",3,3,"17,000.00","51,000.00",Finish,0%,KESEHATAN,2,12
0061/PO/CD/V/2024/CIC/CIE,APOTERK OKE PLUS,2/5/2024,14-05-2024,OBAT MERAH,30 ml,5,5,"35,000.00","175,000.00",Finish,0%,KESEHATAN,2,12
0061/PO/CD/V/2024/CIC/CIE,APOTERK OKE PLUS,2/5/2024,14-05-2024,OBAT SAKIT KEPALA,PANADOL BIRU - 1 BLISTER - 10 KAPLET,1,1,"14,000.00","14,000.00",Finish,0%,KESEHATAN,2,12
0061/PO/CD/V/2024/CIC/CIE,APOTERK OKE PLUS,2/5/2024,14-05-2024,OBAT SAKIT KEPALA,PANADOL MERAH - 1 BLISTER - 10 KAPLET,1,1,"17,000.00","17,000.00",Finish,0%,KESEHATAN,2,12
0062/PO/CD/IV/2024/CIC/CI,TOKO GS,29-04-2024,17-05-2024,CAT WARNA,Warna merah,5,5,"33,000.00","165,000.00",Finish,0%,ALAT TULIS KANTOR,3,18
0063/PO/CD/V/2024/CIC/CI,Alvin Azizi - Tangerang,2/5/2024,28-05-2024,SPANDUK,"Bahan polyester, materi : rumah 2 kamar harga mulai dari 230 jutaan, uk 800 x 115 cm",100,100,"68,000.00","6,800,000.00",Finish,0%,MEDIA INFORMASI,2,26
0063/PO/CD/V/2024/CIC/CIE,CREATIVE SOLUTION - JAKARTA,2/5/2024,,KERTAS THERMAL,Uk. 80x80,150,,"13,300.00",0,Dalam Proses,0%,ALAT TULIS KANTOR,2,
0064/PO/CD/V/2024/CIC/CI,Toko Pasific Elektronik -  Jonggol,2/5/2024,,AC SPLIT WALL,"AC 1/2PK, Tipe KCR5ANQ",2,,"2,300,000.00",0,Dalam Proses,0%,PENGOLAH UDARA - PENDINGIN,2,
0064/PO/CD/V/2024/CIC/CIE,PT. PLATBOARD LUTDESINDO,7/5/2024,,SPANDUK,"Bahan flexi, ukuran 2x1.5 meter, materi ""dilarang buang sampah""",10,,"67,500.00",0,Dalam Proses,0%,MEDIA INFORMASI,0,
0065/PO/CD/V/2024/CIC/CI,BAKTI PERCETAKAN - JAKARTA,16-05-2024,,STEMPEL,Stempel PT. CIPUTRAINDAH GRIYAASRI,1,,"150,000.00",0,Dalam Proses,0%,ALAT TULIS KANTOR,0,
0065/PO/CD/V/2024/CIC/CIE,Toko Pasific Elektronik -  Jonggol,7/5/2024,,LAMPU,"15 watt, warna putih",7,,"35,000.00",0,Dalam Proses,0%,LISTRIK,0,
0066/PO/CD/V/2024/CIC/CI,BAKTI PERCETAKAN - JAKARTA,16-05-2024,27-05-2024,BROSUR,"Lipat 3, Bahan: AC 210gsm, Laminating doft, Die cut",2500,2500,"4,500.00","11,250,000.00",Finish,0%,MEDIA INFORMASI,2,11
0066/PO/CD/V/2024/CIC/CIE,Toko Pasific Elektronik -  Jonggol,7/5/2024,,LAMPU,"15 watt, warna putih",15,,"35,000.00",0,Dalam Proses,0%,LISTRIK,0,
0067/PO/CD/V/2024/CIC/CI,Toko Buku Gunung Intan - Jonggol,16-05-2024,,KERTAS A4,"Kertas A4, 75 gram, warna putih",100,,"45,000.00",0,Dalam Proses,0%,ALAT TULIS KANTOR,1,
0067/PO/CD/V/2024/CIC/CIE,Toko Pasific Elektronik -  Jonggol,7/5/2024,,LAMPU,"15 watt, warna putih",12,,"35,000.00",0,Dalam Proses,0%,LISTRIK,0,
0068/PO/CD/V/2024/CIC/CI,Bina Jaya Computer - Jakarta,20-05-2024,,KABEL HDMI,KABEL HDMI MERK BAFO PANJANG 10 METER,1,,"330,000.00",0,Dalam Proses,0%,KOMPUTER,0,
0068/PO/CD/V/2024/CIC/CI,Bina Jaya Computer - Jakarta,20-05-2024,,KABEL HDMI,KABEL HDMI MERK BAFO PANJANG 5 METER,1,,"150,000.00",0,Dalam Proses,0%,KOMPUTER,0,
0068/PO/CD/V/2024/CIC/CIE,Toko Buku Gunung Intan - Jonggol,7/5/2024,20-05-2024,KERTAS A4,"Kertas A4, 75 gram, warna putih",30,30,"45,000.00","1,350,000.00",Finish,0%,ALAT TULIS KANTOR,0,13
0069/PO/CD/V/2024/CIC/CI,Alvin Azizi - Tangerang,28-05-2024,,SPANDUK,"Bahan polyester, ukuran 8x1,15 meter, materi: Meranti rumah 2KT",100,,"68,000.00",0,Dalam Proses,0%,MEDIA INFORMASI,1,
0069/PO/CD/V/2024/CIC/CIE,BAKTI PERCETAKAN - JAKARTA,14-05-2024,20-05-2024,FLYER,"Materi waterpark, ukuran A5, warna : Colourfull",10,10,"338,000.00","3,380,000.00",Finish,0%,MEDIA INFORMASI,0,6
0070/PO/CD/V/2024/CIC/CIE,BAKTI PERCETAKAN - JAKARTA,14-05-2024,,BUKU FORM,"cetak colorful, ukuran A4, laminasi glossy",1000,,"1,100.00",0,Dalam Proses,0%,ALAT TULIS KANTOR,4,
0071/PO/CD/V/2024/CIC/CI,PT. PLATBOARD LUTDESINDO,28-05-2024,,BANNER,"Bahan: Flexi, Uk. 33x2meter, Lokasi: belakang gedung security, materi: mall Ciputra",1,,"1,485,000.00",0,Dalam Proses,0%,MEDIA INFORMASI,1,
0071/PO/CD/V/2024/CIC/CIE,Toko Pasific Elektronik -  Jonggol,14-05-2024,,LAMPU,"15 watt, warna putih",12,,"35,000.00",0,Dalam Proses,0%,LISTRIK,7,
0072/PO/CD/V/2024/CIC/CI,PT. PLATBOARD LUTDESINDO,28-05-2024,,BILLBOARD,"Bahan: Flexi, Uk. 17,5x2,5meter, Lokasi: underpass, materi: promo disc 120juta",1,,"1,484,375.00",0,Dalam Proses,0%,MEDIA INFORMASI,1,
0072/PO/CD/V/2024/CIC/CIE,PT. HILIOS POWER QUANTUM - JAKARTA,29-05-2024,,AKSESORIS LAMPU,"Controller DMX, DMX ARTNET Systems",1,,"42,000,000.00",0,Dalam Proses,0%,LISTRIK,7,
0072/PO/CD/V/2024/CIC/CIE,PT. HILIOS POWER QUANTUM - JAKARTA,29-05-2024,,LAMPU,"Wall lampu RADO 4 RA - 40181/ setara baru, wall lamp 9W 720Lm 3000K 120D IP65 240VAC, Dimensi 215*35*215mm",12,,"1,181,000.00",0,Dalam Proses,0%,LISTRIK,7,
0072/PO/CD/V/2024/CIC/CIE,PT. HILIOS POWER QUANTUM - JAKARTA,29-05-2024,,LAMPU,"RADO 4 BOLLARD/ setara (baru termasuk box),  Bollard 15W 1200Lm 3000K 120D IP65 240VAC, Dimensi 180*750mm",12,,"2,919,000.00",0,Dalam Proses,0%,LISTRIK,7,
0072/PO/CD/V/2024/CIC/CIE,PT. HILIOS POWER QUANTUM - JAKARTA,29-05-2024,,LAMPU,"Osram powerflex ELD-03 setara (baru), LED Strip 12.5W 24VDC IP167 RGB (1 roll 5 meter)",31,,"874,000.00",0,Dalam Proses,0%,LISTRIK,7,
0072/PO/CD/V/2024/CIC/CIE,PT. HILIOS POWER QUANTUM - JAKARTA,29-05-2024,,LAMPU,"Lampu LED LS853  Setara (baru) Uplight 18W 540Lm RGB 40D IP167, 24VDC, Dimensi 160*157mm Cut out: 154mm",62,,"2,188,000.00",0,Dalam Proses,0%,LISTRIK,7,
0072/PO/CD/V/2024/CIC/CIE,PT. HILIOS POWER QUANTUM - JAKARTA,29-05-2024,,LAMPU,"Lampu LS3431LED Centria/Setara (baru), Uplight 24W, RGB 12*45D IP67, 24DC, Dimensi 86*146mm",187,,"1,571,000.00",0,Dalam Proses,0%,LISTRIK,7,
0072/PO/CD/V/2024/CIC/CIE,PT. HILIOS POWER QUANTUM - JAKARTA,29-05-2024,,POWER SUPPLY,Power Supply 200W (2 Roll each),16,,"1,069,000.00",0,Dalam Proses,0%,LISTRIK,7,
0072/PO/CD/V/2024/CIC/CIE,PT. HILIOS POWER QUANTUM - JAKARTA,29-05-2024,,POWER SUPPLY,Power supply 100 w (4 fixture each),65,,"340,000.00",0,Dalam Proses,0%,KOMPUTER,7,
0073/PO/CD/V/2024/CIC/CI,PT. PLATBOARD LUTDESINDO,30-05-2024,,SPANDUK,"Bahan flexi, ukuran 1x2 meter, materi Ciputra Hub",3,,"45,000.00",0,Dalam Proses,0%,MEDIA INFORMASI,0,
0073/PO/CD/V/2024/CIC/CI,PT. PLATBOARD LUTDESINDO,30-05-2024,,SPANDUK,"Bahan flexi, ukuran 1x2 meter, materi Ciputra Hub",21,,"45,000.00",0,Dalam Proses,0%,MEDIA INFORMASI,0,
0073/PO/CD/VI/2024/CIC/CIE,PT. PLATBOARD LUTDESINDO,3/6/2024,,SPANDUK,"Bahan: flexi, Ukuran 6x2 meter, selongsong kanan kiri,  materi : ""Hari Jadi Bogor""",10,,"270,000.00",0,Dalam Proses,0%,MEDIA INFORMASI,5,
